ID,分区,项目名,一句话定位,创始人,站点状态,Repo状态,团队评分,技术护城河,TAM,估值区间,推荐度,一句话判断,风险1,风险2,风险3,优势1,优势2,优势3,竞品(top3),官网,GitHub
A01,A,VibeChip / 芯辰启源,为模拟射频芯片设计公司提供模型/Agent/下一代设计平台,梁进帆,无公开站点,无公开仓库,4,清华IC实验室 AI+模拟射频数据集 + 模型/Agent/平台三位一体；数据标注壁垒,全球 EDA ~$18B；AI EDA 子赛道 CAGR 30%+，模拟/RF EDA 约 $3-4B 子细分,$15-30M pre-money（类比 InstaChip / Astrus 同期 Seed $10-25M post），考虑清华教授 IP 与博士+连续创业者 CEO 可上 $30M,4,国内 AI 模拟 EDA 稀缺标的，建议重点跟进 PoC 客户,巨头 Synopsys/Cadence 收购式反击,模拟数据标注成本高且依赖客户授权,AI EDA 商业化周期长，单 PoC 数月起,清华 IC 教授+博士 CEO 学术深度强,数据为护城河，先发标注积累有意义,模型/Agent/平台一体化，闭环价值高,Synopsys DSO.ai (Public（巨头模块）) / Cadence Cerebrus (Public（巨头模块）) / InstaChip (Seed),,
A02,A,鸿鹄聚变,商业可控核聚变 · 高温超导仿星器,戴立忠（实控人/投资人）,无公开站点,无公开仓库,4,国内唯一商业高温超导仿星器路线 + 圣湘董事长戴立忠个人资金+人脉+上海交大联合实验室,全球聚变私募融资 2024 累计 >$8B；商业化电力 TAM 万亿美元级；2030s 才到收入端,$50-150M pre-money（类比 Proxima Fusion 种子→A 跃迁与 Type One 早期，结合戴立忠个人投入与上市公司背书可上 $200M）,4,中国仿星器独苗，国家战略叙事强，估值锚 Proxima,仿星器线圈工艺难度高于托卡马克,10+ 年商业回收周期，资金消耗巨大,戴立忠个人持股 99%，治理与下轮稀释存疑,国内仿星器唯一商业玩家，稀缺性极高,上市公司董事长背书+持续资金能力,上海交大合作给学术与人才补强,Proxima Fusion (Series A €200M) / Type One Energy (Series A $82.4M) / Renaissance Fusion (Seed €15M),,
A03,A,LorentzKracht 洛伦原力,具身智能大模型专属的无线通讯,曾健安,无公开站点,无公开仓库,4,AI-native 6G 模组 + 墨大博士团队 + ITU-T 标准参与；具身智能云边算力卸载场景定位清晰,6G 模组 2030+ TAM 数百亿美元；具身机器人通信模组细分 2030 约 $5-10B,$20-60M pre-money（前沿无线 Seed-A 类比，澳洲澳籍创始团队估值通常打 0.8-1.0 折）,3,前瞻命题强，商业化节奏需谨慎，可观察,6G 标准 Release 21 才正式定义，节奏过早,客户教育期长，机器人侧买单意愿待验证,澳洲团队中国落地与监管复杂,国际化团队，标准参与+学术深度,具身智能场景与 6G 卸载切入点新颖,诺基亚贝尔/中移动 R&D 履历背书,Qualcomm Dragonwing Robotics (Public（业务线）) / Nokia Bell Labs / Ericsson (Public（研究）) / NVIDIA Aerial AI-RAN (Public（业务线）),,
A04,A,石岱重储,把废弃矿山变成巨型充电宝：安全，长时，零衰减,唐霄汉（董事）、欧阳倩（法定代表人/高管）,无公开站点,无公开仓库,4,废弃矿井天然落差+单通道循环大功率发电专利；全国唯一并网装备；英伟达 AIDC 生态合作,全球重力储能 2024 $42.2M → 2034 $3.2B，CAGR 61.5%；AIDC 长时储能 TAM 2030 达 $20B+,$30-80M pre-money（类比 Gravitricity 早期与天楹拆分子公司，国内并网首台+毕马威 50 强加分）,4,长时储能稀缺标的，AIDC 叙事+并网先发优势,地理依赖：合适矿井地理资源稀缺,Energy Vault/Gravitricity 海外先发+资本充裕,AIDC 客户 PPA 谈判周期长,国内首台并网，工程验证已过关,英伟达 AIDC 生态绑定切入点精准,成本下降 60%、功率提升 10× 数据亮眼,Energy Vault (NRGV) (Public 纽交所) / Gravitricity (Series B £40M) / Green Gravity (Pre-A),,
A05,A,慧化科技 InsightChemy,AI+化学：合成化学空间与新分子发现,田阳,无公开站点,无公开仓库,4,5 万种化学品数据 + GPCR/抗体/环肽复杂分子设计 Agent + 已有创新药销售利润 700 万元,AI 制药 2029 $6.89B；合成化学子赛道 $2-3B；中国 AI4D 投融 2024 >￥50 亿,$30-60M pre-money（A 轮 2000 万 RMB 已完成 → 下轮 A+/B；已有营收，可比晶泰早期 Series B-C 折算）,4,已有营收的 AI4Chem 早期标的，团队学历过硬,在读博士 CEO 投入度与全职度问题,GPCR/环肽难度高，技术验证周期长,二代产品销售利润仅 700 万，规模化未证,AI+化学已有现金流，A 轮完成,清华+中科院纳米中心硬核学术配置,复杂分子（GPCR/环肽）切入差异化,晶泰科技 (2228.HK) (港股上市) / Insilico Medicine (港股 IPO 2025-12) / Iktos (Series B $21M),,
A06,A,心片科技,AI 原生的芯片设计平台,刘玖阳,无公开站点,无公开仓库（创始人 GitHub @sequencer 个人活跃，Chisel 主开发者已确认）,5,Chisel 主开发者+RocketChip 维护者+ex-SiFive 团队；Scala eDSL+MLIR+RVV IP 全自研栈；Chip Agent 全自动设计,RISC-V 2024 $1.76B → 2030 $8.57B (CAGR 30.7%)；AI EDA $3-5B 子赛道,$30-100M pre-money（团队 SiFive 系+Chisel 开源资本，可类比 Astrus/InstaChip 高端 Seed-A，国内 RISC-V 创业平均估值参考蓝芯）,5,RISC-V+AI EDA 顶级技术团队，强推关注,国内 RISC-V 商业化路径未跑通,EDA + IP + Agent 三件套战线过宽,团队偏开源/工程，BD 与销售能力未验证,Chisel 主开发者，世界级开源声誉,SiFive 量产经验，14/28nm 已证,AI-native 芯片设计平台具备稀缺性,SiFive (Series G $400M @ $3.65B) / Tenstorrent ($800M @ $3.2B pre) / Synopsys/Cadence (Public),,
A07,A,RustFS,"GitHub 27,000 star · 全球增长最快的 AI 存储",李文凯 (Kevin Li),200 OK / 站点活跃，阿里云 OSS CDN 加速,"GitHub 28,496 stars（远超数据卡 27K，活跃度高）；Apache 2.0；MinIO AGPLv3 替代叙事",5,Rust 重写 S3 兼容存储 + DPU/NVIDIA STX 加速 + 100% S3 兼容 + 4KB 小对象吞吐 2.3× MinIO；开源 28K stars + 70% 美国部署,全球对象存储 2030 ~$60B；AI 存储子赛道 CAGR 26%；MinIO 替代窗口数十亿美元,$50-200M pre-money（500 万美元已到账，28K stars+企业客户+S3 alternative 叙事，参考 MinIO Series A 折算与 VAST 早期）,5,AI 存储 MinIO 替代窗口期最佳标的，强推,MinIO/AWS 价格战压制商业化,Rust 生态在企业存储仍属早期,中国创始团队美国市场销售挑战,28K stars 是 RustFS 阶段稀缺标志,中移动/国网+Twin Labs 双边客户验证,性能数据硬实力（323GB/s 读）,MinIO (Series B $1B valuation (2022)) / Amazon S3 (AWS 业务线) / Ceph / SUSE (开源/企业),https://rustfs.com,https://github.com/rustfs/rustfs
A08,A,灵泷 LynnReal,空间智能时代无感视觉交互界面,马炜杰,无公开站点,无公开仓库,5,Nature 648 (2025-11) 独立一作裸眼 3D 突破 SBP 极限 + 复旦特奖 + 中科院上海创智学院联培 + AI 算法替代特制光学,光场显示 2025-2032 CAGR 30%+；空间智能 3D I/O 2030 $10-20B；具身机器人交互场景潜在 $5B+,$50-150M pre-money（天使 3000 万 RMB 已到位，Nature 正刊+复旦特奖罕见组合，类比 CREAL 早期+Looking Glass 累计，加 Nature 估值溢价）,5,AI4Display 顶级科研落地标的，估值锚 CREAL,Nature 论文到量产之间巨大鸿沟,硬件供应链与产品化经验不足,面向 C 端市场教育期长,Nature 正刊独立一作技术深度极强,无需特制光学，BOM 与量产潜力大,天使 3000 万已完成，资本背书,Looking Glass Factory ($30M+ 累计) / CREAL (Series 累计 $32M) / Light Field Lab (Series B $50M+),,
A09,A,力场采样,针对药物研发的分子动态计算引擎,彭向达,无公开站点,无公开仓库,4,与 John Jumper（AlphaFold/诺奖）合作过 Upside ML 力场；精度同等下 5× 速度；环肽/抗体/GPCR 难分子专攻,AI 制药 CADD 子赛道 2029 ~$2B；MD 模拟全球 $500M-1B；可外溢到材料,$15-40M pre-money（早期已签 2 单 + 诺奖合作背书，AI4Science Seed 平均；与 Iambic 早期可比但规模小）,4,AI4Science 小而精团队，诺奖背书加分,团队规模小（彭+2 工程师），人才密度待补,ML 力场红海，差异化需持续证明,CRO/SaaS 模式收入天花板有限,与 AlphaFold 主笔合作的稀缺背书,已有订单+实战 4 年沉淀,环肽/抗体难分子市场切入差异化,OpenMM + AI 增强 (开源) / TorchMD / DeepMD (开源) / 晶泰科技 XFF (港股上市),,
A10,A,摩湃分子 MolplusAI,AI 科学家重塑生命科学 CRO 的交付能力,王俊毅,无公开站点,无公开仓库,4,All Modality（小分子/抗体/酶/融合蛋白）AI 科学家 + 企业级记忆大脑；STAT6 命中 3 天、纳抗成熟 6 小时,AI 制药 $6.89B by 2029；AI 科学家+CRO 替代 TAM $20B+,$20-60M pre-money（未披露融资，连续创业者+Silicon Therapeutics 系 CTO，类比 Iktos 早期与晶泰 Pre-A）,3,AI 科学家叙事强，但需独立验证数据,STAT6/纳抗结果尚需第三方独立验证,AI 科学家叙事拥挤，Isomorphic/Owkin 压顶,All Modality 战线过宽，PMF 风险,All Modality 是国内罕见技术广度,CTO 化学计算硬背景（Silicon Therapeutics）,演示数据（3 天命中靶点）若属实极强,Insilico Medicine (港股 IPO $2.7B) / 晶泰科技 (港股上市) / Iktos (Series B $21M),,
A11,A,芯引力,（公开信息有限）,未公开,无公开站点,无公开仓库,2,公开信息不足，方向推测为芯片/AI 硬件,依赖最终细分方向，无法估算,信息不足，建议要求公司补充材料后再估值,1,信息空白，建议等更多披露再判断,公开信息空白，DD 无法展开,无团队/产品/融资披露,可能为占位项目或重命名,命名暗示芯片赛道，与奇绩 A 区前沿科技匹配,—,—,未知 (—),,
B01,B,HiveMind/拓恳,跨品牌异构机器人群体智能操作系统,陈明,无公开站点（未提供 URL）,无公开 GitHub,5,异构跨品牌协同协议层 + 边缘大模型轻量化（VDA5050+ROS2 之上的厂商抽象）,全球多机器人协同/RMOS 2030 年 $80-150 亿，CAGR 35%+；中国具身机器人本体 2026 出货预计破 10 万台,Pre-money $40-80M（约 ¥3-6 亿）。8 厂商 10 型号已适配 + 中国移动 6G 战略合作 + 营收能见度，给到群体智能 OS 上限带；对比 Shield AI 早期 A 轮 $40M，本项目民用赛道折半上修,4,强推。卡位明确、商务落地早，赌通信派打机器人 OS 的差异路径,异构协同需厂商配合，若头部本体厂自建 OS（宇树/智元已有动作），适配价值被边缘化,交警机器人/啦啦队 demo 性强，是否能转化为可复制 SOW 待验证,团队基因偏电信/通信，不是机器人本体出身，能否在 ROS/运动控制深水区与原生玩家硬碰待观察,CEO 陈明爱立信中国 CTO + 5G NTN 卫星实证，'通信网络管亿万节点'方法论与多机器人协同同构,已有 2026 年营收 +中国移动研究院 6G 战略合作，B2B2G 通道清晰,群体智能 OS 是少数有可能成为'安卓'卡位的赛道,Shield AI Hivemind (Series G $12.7B 估值（2026.3）) / NVIDIA Isaac Swarm (大厂平台) / VDA5050 联盟 (标准组织),,
B02,B,影控机器人,人形机器人全身操作驾驶舱系统,王子峣,无公开站点,无公开 GitHub,4,1.2㎡ 大尺度全身 53DoF 操控压缩 + 双足/上肢协同数据采集,全球人形操控数据 2030 年 $30-60 亿（VLA 训练数据稀缺成最大瓶颈）,Pre-money $20-50M（¥1.5-3.5 亿）。数据平台型 TaaS 给 $20-150M 区间下限带，团队无大厂背书 + 客户全是本体厂客户取下半段；上限假设拿到 2-3 家头部本体厂续约合同,3,中性偏多。数据资产愿景大，但买方自建是结构性风险,买方都是本体厂，而宇树/智元/优必选都已自建遥操台，TAM 实际收窄到二线本体厂和科研院所,53DoF 全身数据的标准化/通用性存疑，不同本体形态难复用,CEO 王子峣首次创业、博士直接毕业即创业，团队工程化与商务能力待验,大尺度空间→1.2㎡ 压缩是真实痛点，对小空间科研团队/义肢厂吸引力强,TaaS+数据资产双轮模式想象空间大,东南大学控制方向梯队齐整，技术 PR 12 项,1X Technologies (拟 $10B 估值融资) / 宇树科技全身遥操平台 (C 轮 ¥120 亿) / 优必选数据采集中心 (上市公司),,
B03,B,SoftSync 柔偕科技,千元级软体仿生灵巧手，赋能碳基与硅基,林森源,无公开站点,无公开 GitHub,4,软体结构+线驱+弹性材料，让手吸收误差实现千元级 BOM,全球灵巧手 2030 年 $50-100 亿（占人形机器人 BOM 30%+），CAGR 40%+；义肢市场 $20 亿基本盘,Pre-money $15-40M（¥1-3 亿）。Linker Hand 已把价格战打到 ¥8800、月出货 4000 台，给后来者估值天花板压制；CEO 港大博士单点突破，团队尚未量产验证，取低位段；如能义肢端拿到二类证则可上 $40M,3,中性。技术派单兵突出，但赛道已被独角兽贴身价格战,灵心巧手 O7 ¥8800 已贴脸打千元级心智，留给 SoftSync 的差异空间是软体/安全性 narrative，市场是否买账存疑,义肢切入需医疗器械证（NMPA 二类至少 2-3 年），现金流压力大,软体材料一致性、寿命、控制非线性是工程化深坑，林森源单点强但团队薄,千元级软体 + 真实世界自适应抓取是差异化叙事,义肢→机器人训练数据→机器人本体的迁移路径合理,林森源 10 岁做机器人 + 港大软体方向 + 顾问陈永华，技术血统硬,灵心巧手 Linker Hand (B+轮，百亿独角兽，月出货 4000 台) / 帕西尼感知 PaXini (百亿独角兽，4 月 10 亿元) / 傲意 OYMotion (成熟商用),,
B04,B,星荧科技,千元级家用 AI 康复机器人,陈博宇,无公开站点,无公开 GitHub,5,前铁甲钢拳+科大讯飞医疗 CTO 双重二类证落地经验 + 三甲私有数据集,中国康复医疗器械 2030 年 ¥2000 亿（CAGR 16%）；家用 AI 健康终端长尾 $200 亿+,Pre-money $25-60M（¥2-4.5 亿）。CTO 团队带 2 张二类证 + 50 项专利的资产价值高，但赛道头部傅利叶已 ¥80 亿压制空间；千元级家用切入若能拿到二类证则升上限。对比傲鲨成立 7 年累计 ¥数亿、傅利叶累计近 ¥10 亿，本轮天使早期合理位 ¥2-4.5 亿,4,强推。最稳的'医疗+硬件'团队，下注落地确定性,医疗器械二类证 18-24 个月周期 + 三甲临床数据合规边界（私有数据集敏感）,千元级硬件成本结构与严肃医疗精度要求矛盾，需精确权衡,睡眠/慢病/精神调理摊得过宽，早期资源能否聚焦下肢主线待证,陈博宇双 CTO 履历是赛道稀缺资产，落地节奏可预判,三甲临床→社区康养→家用三阶通路完整，可形成数据飞轮,10 年外骨骼经验、50+ 专利、2 张二类证，硬基本盘,傅利叶智能 (¥80 亿估值独角兽，E 轮 ¥8 亿，筹备 IPO) / 傲鲨智能 (B 轮 ¥数千万，累计¥数亿) / 司羿智能 (C 轮),,
B05,B,雪梦未来 Snow Origin,Physical AI 时代的人类操控数据平台,秦旭（董事长）+ 王智林（CEO）,https://snoworigin.tech 200 OK（中文站，已上线）,无公开 GitHub,4,EMG 神经信号解码 + 全景头环多模态人类操控数据采集,全球 Physical AI 操控数据层 2030 年 $20-50 亿；EMG/HCI 消费 $30 亿+,Pre-money $15-35M（¥1-2.5 亿）。CTRL-labs 1 亿美金被收购可作长期出口锚，但当前 Snow Origin 仍在 PoC 早期。北大编解码实验室背书 + 早期种子估值合理位 ¥1-2.5 亿；如能拿到 1-2 家本体厂数据合同则可至 ¥3-5 亿,3,中性偏多。叙事大但 Meta 阴影下需找到 niche 差异,Meta 2025 神经腕带消费化后，B 端用户做 EMG 输入会被巨头标准吸虹,EMG 解码精度对个体差异大、20 分钟个性化数据是工程苦活,数据资产变现路径长（先做硬件→获数据→再卖数据/模型），现金流模式重,高文院士/智源黄铁军院长所在北大编解码实验室出身，学术血统硬,官网已上线（含中文版），早期可见执行力,可穿戴+EMG 数据是 VLA 模型未来稀缺燃料，长期叙事大,Meta (CTRL-labs) (2019 收购 ~$5-10 亿；2025 Nature 论文 + 2025 神经腕带产品化) / Rool'in EMG/AlterEgo (MIT) (研究阶段) / Brink Bionics/Pison (B 轮),https://snoworigin.tech,
B06,B,小鹰锐视,构建通用防抖减震能力，打造最精准的物理 AI 感知基础设施,付际,无公开站点,无公开 GitHub,3,SMA 紧凑型主动防抖模组 + 世界模型 Diffusion 生成式防抖,摄像头模组防抖全球 $60-100 亿（手机为主）；机器人/穿戴细分 $5-10 亿小众,Pre-money $10-25M（¥7000 万-¥1.8 亿）。SMA 模组上游被 CML 等海外卡专利、下游被手机大厂垂直整合，独立模组商难成大。前庭反射闭环+生成式防抖是新角度但商用未验，估值下限带；如能拿到一家头部机器人/穿戴定点订单可上 ¥3 亿,2,中性偏空。赛道太窄、巨头压顶，难做独立大业务,SMA 防抖核心专利已被 CML 把持十余年，IP 突围难,客户结构：机器人/AI 穿戴出货量级远低于手机，单价低，难撑大业务,World Model 防抖是研究 sketch，工程化路径不清,VOR 生物反射 narrative 在机器人语境下是新切入,团队有 CES/红点奖+千万级出货经验，工程经验扎实,防抖模组是真实细节痛点，机器人头部相机晃动确为感知瓶颈,Cambridge Mechatronics (CML) (成熟商用，手机 SMA OIS 领头) / Insta360 (上市公司) / 新思考/比亚迪电子等 VCM/OIS 模组厂 (成熟),,
B07,B,Elecholic Tech 异核科技,下一代空间输入的基础设施，零门槛毫米级全身动作捕捉,卢子寅,无公开站点,无公开 GitHub,4,4 立方米毫米级低成本空间定位（替代 Vicon/OptiTrack 高端方案）,全球动捕/室内定位 2030 年 $40-80 亿（含 XR/科研/具身数采）,Pre-money $10-30M（¥7000 万-¥2 亿）。'零门槛毫米级'是大叙事但毫米级是 NOKOV/瑞立视的护城河；如确能做到 4㎡ 毫米级且成本对比 Vicon 降一个量级，则可至 ¥3-5 亿。CEO 是 RM2018 冠军（华工华南虎卫冕）、CTO 华为 FPGA 背景，团队工程底子扎实但首创业,4,推荐。RM 冠军班底+具身数采赛道，技术上限存疑但赔率高,毫米级精度+4 立方米的工程难度极高，UWB 物理上限制约（10-30cm），需新原理（视觉/激光/混合）,国内 NOKOV/瑞立视已占领科研高校市场，B 端突围需差异化场景,消费 XR 市场被 Meta/HTC 标准统治，2C 路径艰难,RM 全国冠军团队，机器人+控制+硬件复合工程能力强,切具身数采+遥操做 Scaling law 数据采集卡位，赛道方向正,华为 FPGA CTO + 哈工大/斯图加特 CMO，团队结构整齐,Vicon/OptiTrack (海外成熟，单台 5-20 万) / 度量科技 NOKOV (成熟国产光学动捕) / 瑞立视 Realis (成熟),,
B08,B,MirrorSpace 映界科技,机器人空间大脑,金依力,无公开站点,无公开 GitHub,4,RGB+LiDAR+热成像三模态融合 4D 时空表征，复杂工况下机器人空间大脑,空间智能 SaaS+硬件 2030 年 $100-200 亿；机器人感知细分 $30 亿+,Pre-money $25-60M（¥2-4.5 亿）。麦吉尔+Mila 顶会团队 + 已签石油央企/物理 AI 模型方/头部本体厂三类客户，比纯学术型估值上修；天使+轮合理 ¥2-4.5 亿；若拿到央企正式 PO 可至 ¥6-8 亿,4,推荐。麦吉尔学术团队+央企+物理 AI 客户矩阵罕见,本体厂自建感知是结构性威胁，独立空间感知中间层位置脆弱,三模态硬件成本/标定难度高，规模化复制有限,团队学术派偏强、工程/商务薄，深圳公司初创管理待磨,金依力 Mila 博士+顶会一作+引用千次，学术 IP 硬,石油央企+物理 AI 模型方+头部本体厂三类客户矩阵罕见,热成像加入是工业巡检差异化卖点（与潇湘智控等垂直方互补）,群核科技 (Manycore) (拟 IPO) / 李飞飞 World Labs ($10 亿估值) / 宇树/智元自带感知栈 (百亿独角兽),,
B09,B,潇湘智控,有色冶金行业首个物理智能基座,计昊天,https://aiagent2025.com/projects/3ci83ytqb3tk 200 OK（奇绩项目页，非独立官网）,无公开 GitHub,5,中铝/魏桥/国家电投央国企客户矩阵 + 3105 台电解槽 10 万+小时私有生产数据,中国电解铝 ¥8970 亿基本盘，智能化渗透率 3-5%；扩展至铜/铅/锌/镍火法冶金 ¥2000 亿+,Pre-money $50-120M（¥3.5-9 亿）。Pre A ¥2000 万 + 已挂湖南股交所 + 央国企真实客户 + 3105 台电解槽数据，给到工业垂直机器人上限带；对比亿嘉和早期估值，本轮 ¥3.5-9 亿合理；如签订单饱满可至 ¥10 亿+,5,强推。垂直行业+真实客户+硬学术，最确定的 B 区项目,客户高度集中于电解铝央企，账期与回款压力大,央企自建/数智化部内卷化是结构威胁（中铝自有研究院）,出海'海外铝厂'声称需具体合同支撑，否则估值难撑,客户矩阵 + 真实生产数据是真正护城河，VC 视角最难得,中南大学陈晓方+桂卫华院士师承体系是行业准入门票,苏畅（清华朱军组 NeurIPS 一作）+ 何骄阳（RM 金奖）AI/工程团队结构罕见，远超同类垂直机器人公司,中铝集团内部数智化 (央企自建) / 宝武智慧冶炼 (钢铁标杆) / 广域 428 (工业巡检中游),https://aiagent2025.com/projects/3ci83ytqb3tk,
B10,B,Kynooe,打造机器人时代的乐高，让用户自由创造具身智能,蓝国伟,无公开站点,无公开 GitHub,4,可重构运动单元 + 开放 Robot Skills 平台,消费机器人/教育机器人 2030 年 $400-600 亿；模块化可重构细分 $30-50 亿（含 STEM/玩具）,Pre-money $15-40M（¥1-3 亿）。ETH+ANYbotics 师承背书强，但可重构+个人 AI 机器人历史上 Cubelets/Cellrobot/Moxie 全军覆没；早期天使估值 ¥1-3 亿合理；如能跑出爆款单品突破 10 万台月销可至 ¥5 亿+,3,中性。团队顶配但赛道有'乐高'诅咒，需看是否能突破历史循环,'机器人乐高'叙事已被多次验证为低 ROI 市场，Cellrobot/Moxie 等先烈在前,可重构架构在工程上意味妥协性能/成本/可靠性，三难兼顾,Skills 平台需要开发者生态，单点公司难启动正反馈,蓝国伟 ETH+ANYbotics+Amazon RIVR 师承体系是欧洲机器人最硬血统之一,刘佳桥德国国家自动驾驶中心+大众背景，技术深度足,可重构思路在 Agent 时代有新机会（Robot Skills app store 类比早期 iPhone）,Cubelets (Modular Robotics) (教育市场成熟) / Cellrobot (Keyi Tech) (2017 已折戟) / Eilik / Living.AI (消费爆款),,
B11,B,Oki Home,本地 AI 记忆助手,陈洛飞,okihome.ai HTTP/2 200（Vercel/Next.js，正常运行）。但站点定位与基础数据描述存在严重不一致：根据 YC W25 官方公司页面与,github.com/oki-apps/okihome-angular（API 限流未取到数据，但仓库存在）。注意：oki-apps 是一个同名但不相关的开源 ,4,本地推理 + 隐私优先硬件叙事，但当前实际产品形态已偏向 B2B SaaS，硬件壁垒未验证,全球 personal AI 硬件 2030 年 TAM $50B，CAGR 30%+；但赛道死亡率极高，Humane、Rabbit 已警示市场,$25-60M pre-money（YC W25 + UC Berkeley + 团队 7 年合伙是加分项；扣除 pivot 风险与 personal AI 硬件赛道阴霾，给中位区间）,3,团队强但产品方向待核实；建议 DD 时直接对齐 CEO 当前真实业务,产品已从消费硬件 pivot 到 B2B 工程 SaaS，路演 deck 与实际业务存在错位，奇绩 DD 须重新确认方向,Personal AI 硬件赛道前车之鉴 Humane Ai Pin 全军覆没、Rabbit R1 口碑崩塌，叙事红利已透支,本地 LLM 推理算力 + BOM 成本约束下，硬件难做出对 iPhone/Vision Pro 的差异化,团队 7 年合伙史 + YC W25 + Berkeley M.E.T.，创始人质量在批次中处第一梯队,CTO Aayush 在 Robinhood 从 50 到 4000 人见证全周期，工程组织经验稀缺,Designer Noah ETH Zürich + Berkeley 背景，品牌与工业设计基础扎实,Limitless AI Pendant (量产) / Humane Ai Pin (已倒闭) / Friend.com (已发售),https://okihome.ai/,https://github.com/oki-apps/okihome-angular
B12,B,增元造物,DIY 多色 3D 打印机,许康瑞,无公开站点。无官网、无官方社媒披露，仅有路演 PPT 与早鸟价格（2499 元）信息。早期项目，对外品牌建设尚未启动。,无 GitHub 链接。3D 打印硬件项目通常以闭源固件 + 开源切片插件形式存在，未提供任何代码或社区入口。换墨囊技术、换色算法均无技术 demo 公开。,3,「换墨囊」多色方案 + 性状替换模型 + 换色算法，工艺路线可行但壁垒不高，易被拓竹复制,全球消费级 3D 打印 2026 年市场 $50 亿，CAGR 23%；多色 FDM 子市场约 $8-12 亿,$8-25M pre-money（DIY 切入、价格仅竞品 1/2，硬件创业最低估值区间；缺乏技术壁垒证据扣 20%）,2,红海硬刚拓竹，团队背景与技术壁垒难撑高估值,正面硬刚拓竹 — 拓竹 AMS+H2C 已建立工艺/供应链/品牌三重护城河，新创业公司打入欧美渠道极难,团队学历背景（宿州学院 + 复旦 MEM）与硬科技叙事不完全匹配，吸引 A 轮机构难度大,DIY 用户群天花板低（年活跃 50-100 万人），转向主流消费市场需重新建产品定义能力,三位合伙人均深度沉浸 3D 打印 6-10 年，行业 Know-how 与玩家洞察扎实,早鸟价 2499 元打入入门级 DIY 玩家心智，性价比标签清晰,「换墨囊」式多色方案若专利布局到位，可能跳过拓竹 AMS 多色喷头切换的工艺路径,Bambu Lab 拓竹 (一年百亿营收) / Voron Design (开源社区) / Prusa MMU (量产),,
B13,B,歌渡科技,面向机器人精细操作的数据引擎,白纯歌,无公开站点。处于早期 stealth 阶段，符合具身智能数据公司常规节奏（数据资产先于品牌）。,无 GitHub 链接。指套采集硬件 + 多模态采集 SDK 为核心资产，倾向闭源；学术背景两篇论文 470+ 引用，可在 Google Scholar 检索。,5,可穿戴视觉+触觉+全身位姿+VSLAM 多模态指套数据采集，触觉数据稀缺壁垒,具身智能数据服务 2030 年 TAM $30-50B，CAGR 50%+；触觉细分赛道 $5-8B,$30-80M pre-money（清华 AI 硕士 + 智元一号应届生 + CMU 全奖 PhD offer + 智元灵犀技术合伙人，团队学术与产业背书顶配；具身数据为 2026 年最热赛道）,5,团队 + 赛道 + 卡位三重稀缺，强推星标项目,智元/π/Skild 等大厂都在自建数据采集团队，外部数据服务商商业模式（卖数据 vs SaaS vs 模型即服务）尚需验证,指套采集方案需大量标注劳动力 + 场景泛化设计，从 demo 到规模生产存在工程鸿沟,白纯歌从智元出来，是否带走核心 IP/人才存在潜在法律/伦理风险（智元背书也可能反向收紧）,白纯歌：清华 AI 硕 + 拒 CMU PhD 全奖 + 智元第一个应届生 + xlab 感知定位负责人，履历稀缺度极高,技术合伙人臧煜：智元灵犀事业线动作生成全链路负责人，2024 年 3 个具身 Benchmark SOTA,解决具身智能最核心瓶颈——真实触觉数据稀缺，方向价值确定性高,戴盟机器人 (已融资) / 穹彻智能 Noematrix (已融资) / Skild AI ($300M+ 估值),,
B14,B,Monako Glass,全球首款可穿戴 Linux 电脑｜戴在脸上的 IDE 随时随地 vibe coding,薛来,monako.ai HTTP/2 200（Vercel/Next.js，地理定位识别 US/INTL，多市场已上线）。/order 路径已开放预售。6 月 3 ,无 GitHub 链接。MonoOS（Buildroot Linux 定制）+ Lua 应用层 + Rive 动画运行时为核心闭源资产；公开 X 上承诺 Age,5,全球首款 48g 可穿戴 Linux 电脑 + MonoOS + Claude Code/Codex 端侧 Agent 接口,全球智能眼镜 2027 年市场 $120 亿，CAGR 45%；开发者/极客细分约 $5-10 亿,$80-200M pre-money（薛来 Thiel Fellowship + 英特尔最年轻工程师 + Passthrough AR 发明者 + Lingo3D 2000 stars，叠加 Percy Lau 时尚设计 + Candy Liu LVMH/牛津 MBA 渠道 + Zisu 工程 + 张纪翔西湖博士，团队配置接近顶级；6 月 3 日发布即破圈，公关势能可支撑高估值）,5,团队 IP + 公关势能 + 叙事三重领先，强推但盯紧续航良率,ARM Cortex A7 + 300mAh 电池跑 Linux + AI Agent 持续推理，续航与发热在实机端可能崩塌——Humane Ai Pin 死于同一陷阱,Candy Yue/Liu 作为公开发声口径与 CEO 薛来对外身份分工需澄清；国际媒体多数以 Candy 为创始人面孔，薛来 IP 是否兑现存疑,$399 预售 + 8 月深圳量产节奏对硬件初创极激进，量产良率与 BOM 价格压力可能导致延期或砍配置,薛来个人 IP 厚度 = 16 岁小行星 + Thiel Fellowship + 英特尔最年轻工程师 + WAIC 50 万人体验，是批次内单点品牌势能最强者,6 月 3 日 0 投放 X 百万浏览 + 七家国际媒体（Digital Trends/Yanko Design 等）报道，公关势能与产品话题度获双重外部验证,Vibe coding + Claude Code 端侧化叙事精准击中开发者 + AI 极客早期采用者，可绕开消费市场红海,Meta Ray-Ban (量产数百万) / Brilliant Labs Frame (已发售) / Even Realities G1 (量产),https://www.monako.ai/,
B15,B,溯洄智能,个人健康机器人 · AI 刷牙机器人,刘欢,无公开站点。处于硬件 PMF 早期，符合医疗器械+消费硬件公司未到 PR 阶段的常规节奏。,无 GitHub 链接。AI 刷牙机器人为闭源硬件 + 嵌入式系统 + 算法栈，无开源社区入口。,3,全自动刷牙机器人感知-决策-执行闭环 + 60+ 项专利 + 医疗器械注册证经验,全球电动牙刷 2026 年市场 $35 亿 CAGR 8%；AI/机器人化口腔护理子赛道 $5-10 亿,$15-40M pre-money（团队拥有医疗器械注册证 + 百台销售验证产能，加分；但儿童刷牙机器人 PMF 与全口式形态市场教育成本高，扣 20%）,3,团队工程力强但全口式形态市场教育周期长,全口式刷牙仪 babahu/Y-Brush 已尝试多年未爆发，儿童使用更涉及安全与家长信任双重门槛,团队营销总监 10 年日用品经验偏快消，与医疗器械+硬件机器人销售模式存在错配,60+ 专利数量可观但质量需 DD，康复机器人迁移到口腔机器人是否真有技术延续性需验证,刘欢博士已在康复机器人取得医疗器械注册证 + 百台销售，硬件落地能力得到第三方验证,切入儿童赛道避开成年人电动牙刷红海，家长付费意愿高、复购+耗材模型清晰,技术合伙人 10 年厂龄 + 全栈硬件能力，团队工程交付确定性较高,babahu X1 (已发售) / Y-Brush (法国) / Philips Sonicare (飞利浦),,
B16,B,Sportix AI,人类动作的特斯拉 FSD · 让运动可计算,沈书涵,sportix.ai 域名当前 302 跳转至 atom.com（域名转售平台），且被 Cloudflare 拦截访问。但公开报道（Dealroom/MEXC ,无 GitHub 链接。Match Intelligence Engine + Player Intelligence System + 链上分析师声誉系统为核,4,Match Intelligence + Player Intelligence + Simulation + 链上声誉系统四模块；国家体育总局合作未独立验证,全球体育数据分析 2028 年 TAM $80 亿，CAGR 22%；AI 运动训练子赛道 $15-20 亿,$40-120M pre-money（已完成 $3.2-3.5M 天使 + Animoca 领投 + FIFA 世界杯节点 + 5 万 C 端 + 460+ B 端教练，按国际媒体口径估值可能已落定 $30-50M post-money；上限给到 FIFA 流量爆发预期）,4,团队+融资+赛道俱佳但官网状态与多线战略需深入 DD,网站域名实际处于转售/Cloudflare 拦截状态，公开品牌建设与国际媒体披露存在落差，DD 须确认实际流量入口,Sportradar/Stats Perform 在足球数据已深耕 20 年，B 端俱乐部/转播商关系网难撼动,从射箭迁移到足球+射击+高尔夫，多线作战可能稀释焦点；2000 台硬件订单 + 2 天 157 模型实验数据需独立交叉验证,团队 10 多年深度链接 + 最强大脑 IP + CVPR 一作 + 射击射箭冠军，组合稀缺,Animoca Brands 领投 + $3.2-3.5M 天使已落地，且瞄准 FIFA 2026 时间窗,国家体育总局合作 + 奥运金牌世界第一背书（若属实）为 B 端切入提供顶级背书,Sportradar (Nasdaq 上市) / Stats Perform (已被并购) / Genius Sports (上市),https://sportix.ai,
B17,B,肆爱科技,具身智能导航大脑,张哲宁,无公开站点。室内数据采集 + 骑手众包业务模式偏 B2B，前期不需要 C 端品牌曝光，符合 stealth 阶段节奏。,无 GitHub 链接。世界模型架构、Ego Video 仿真栈、多模态 SLAM 均为闭源核心资产；100TB 数据资产是壁垒主体。,5,外卖骑手众包 + Ego Video 100TB 数据飞轮 + 北上多商圈高精地图,具身智能 + AR 室内数据服务 2030 年 TAM $40-60B，CAGR 50%+；室内高精地图细分 $5-10B,$40-100M pre-money（前 Tesla + Amazon Go Robotics 团队稀缺，导师师承图灵奖得主背书顶级；100TB 数据资产 + 北上商圈覆盖已成形可作为估值锚）,4,团队+数据资产稀缺，强推但盯紧平台方与监管风险,骑手众包数据采集涉及商场/写字楼隐私授权与城管合规，监管风险长期悬而未决,美团/饿了么自建数据团队可能复刻甚至屏蔽该模式，存在被平台方反向夹击风险,Ego Video 数据如何商业化（卖给具身智能厂 vs 自建模型 vs AR 应用）路径未定，营收节奏可能慢于估值预期,张哲宁前 Tesla 工程师 + 前 Amazon Go Robotics Applied Scientist，硬科技 0-1 能力稀缺,100TB Ego Video 数据 + 北上核心商圈高精地图已成形，先发壁垒明显,数据飞轮逻辑自洽（数据→算法→工具→骑手效率→更多骑手→更多数据），单点商业模式美感强,Skydio (估值数十亿) / Waymo Lidar 路网 (Alphabet 子公司) / Anduril Vision (已上市),,
B18,B,Oryn Tech 向原科技,构建真正共情人的 Personal AI + 硬件接口,杨思敏,oryn.tech HTTP/2 200（Shopify 店铺，AU 地区初始化，已上线澳元购物），说明已经具备 D2C 出海销售能力，比同批次多数项目品牌建设,无 GitHub 链接。多模态生理语义 LLM + 可穿戴硬件均为闭源资产；学术合伙人王娴 16 篇 IEEE/ACM 论文为间接 IP 证据。,4,可穿戴生理信号 + 多模态语义 LLM + 共情对话；学术+硬件复合团队,全球 AI 陪伴 + 心理健康可穿戴 2030 年 TAM $20-30B，CAGR 35%+；高端共情硬件细分 $5-8B,$20-60M pre-money（港科大博士 + 前大疆 PM + 港理工 16 篇 SCI 学术合伙人 + RoboMaster 全国季军硬件工程师，团队配置较强；已上线 Shopify D2C 通道是加分项）,4,团队+执行力强，看实际销量与生理信号合规进展,AI 陪伴硬件赛道死亡率极高（Humane/Rabbit 警示），用户长期复购与情感粘性需大量数据验证,生理信号采集涉及医疗合规边界，从'共情陪伴'迈向'情绪健康干预'路径长且监管严,Shopify 已建站但实际销量未公开，D2C 出海获客成本（CAC）在 2026 年明显抬升,杨思敏港科大博士 + 前大疆 PM 主导 10 万+ 用户产品，复合背景在 AI 硬件创业稀缺,王娴 16 篇 IEEE TVCG/CHI/IEEE Haptics 等 SCI/CCF-A 论文，触觉与多模态学术积累深,Shopify D2C 已上线（AU 地区初始化），团队从产品到销售通路已闭环，执行力胜过同批次同类项目,Friend.com (已发售 $99) / Plaud Note (现金流正) / Replika (上千万用户),https://oryn.tech/,
B19,B,LYNOOK 灵诺科技,给喜欢的角色一个家 · Anime × AI × Hardware,罗镜民,lynook.com HTTP/2 200（Vercel/Next.js，已上线品牌站，Project L 桌面陪伴盒子作为首款产品有清晰故事；目标欧美 + 英,无 GitHub 链接。AI 内容驱动 + 空间计算 + 渲染技术 + 状态机均闭源；二次元 IP 与角色资产是核心壁垒。,4,自研空间计算+三维渲染 + 独立生活状态机 + 多设备磁吸堆叠形成角色生态,全球 ACG 周边硬件 2027 年 TAM $30-40B；二次元桌面陪伴细分 $2-4B，欧美男性核心用户付费力强,$15-45M pre-money（团队复合背景较好——视觉算法 + 资深二次元 + 太古 CVC 商业经验 + 二次元从业者；Project L 尚未发布但 Discord 社区已聚集，海外定位清晰；扣除消费硬件量产风险给中位）,3,团队配置好、定位清晰，看 Project L 实物与 Discord 转化,二次元桌面陪伴市场教育成本高（Tamagotchi-Vector-Anki 多次失败教训），用户付费转化需在 Discord 早期数据验证,海外 ACG 核心用户对 IP 版权敏感，自创角色 vs 联名 IP 路线选择影响商业天花板,多设备磁吸堆叠 BOM 成本高，硬件量产良率与定价区间需 Project L 实物验证,罗镜民武大 + 腾讯 AI Lab + 初中二次元社区站长 + Discuz! 插件版版主，技术 + 圈层双背景在 ACG 硬件创业稀缺,联创张佳怡悉尼大学本硕 + 太古 CVC + 30 年消费电子渠道 + IF 奖背景，商业与渠道能力补足创始人短板,Discord 已落地海外社区 + 欧美男性二次元核心用户精准定位，避开国内红海,Tamagotchi (万代上市公司) / Looi Robot (Kickstarter 走红) / Vector (Anki 倒闭后复活),https://www.lynook.com/,
E01,E,点漾科技,AI 硬件生成平台,孔德超,未提供官网。dyearn.com 疑似关联域，但页面几乎空白，仅显示公司名，无产品介绍/Demo/Roadmap 等信息，对外触点几乎为零。说明公司仍处于隐身模,未提供 GitHub。在 PCB Agent / EDA 这种'懂硬件的人才稀缺'赛道，开源 demo（即使是小型电路自动生成）是最有效的招聘和技术信誉手段。F,4,百度系工程班底 + 5 人工厂驻场 1.5 年（PCB 制造数据闭环）,全球 PCB 设计软件 ~$25 亿，硬件设计自动化 ~$80 亿；国内 PCB 产值 ~$400 亿，AI 渗透率 <2%。若做到设计-制造一体化，TAM 可叠加桌面级硬件原型（类 Markforged 路径）至 $200 亿。中国 PCB 工厂数量全球第一，但 EDA 软件 90% 用 Cadence/Altium，国产替代 + AI 是双重叙事。早期市场以中小硬件团队和高校实验室为切入点更现实。,$30-70M pre-money（早期、未公开融资、Agentic EDA 赛道、Flux.ai 类比但中国地域折扣）,3,赛道好且海外有标杆，但官网/开源 0 输出是减分项，可观察。,Flux.ai 已融 $32M C 轮、JITX 已融 $15M，先发优势 + 海外开发者社区难以追赶,'制造反推设计'闭环目标过于宏大，需要同时啃下数据-模型-机械 3 块硬骨头，资金消耗速率高,PCB 工厂多为传统制造商，决策慢、付费意愿低，B 端商业化周期可能 12-18 个月,团队驻场 1.5 年沉淀的 PCB 工艺数据是稀缺资产，海外对标公司没有中国工厂场景数据,百度系架构师 + Agent 专家配置在工程实现上扎实,CMO 60 天覆盖 Top50 工厂 80% 管理层，渠道能力反常规强,Flux.ai (Copilot) / JITX (代码即电路) / CELUS (欧洲 PCB Agent),,
E02,E,奇点引擎 Singularity Engine（Video Harness）,企业 AI FDE 部署公司 · Video Harness 改写视频生产,曹瑞鹏,未提供官网。已是 Delaware 注册的 C 公司、已完成 $5M Seed (post-$40M)、还做了 A11 路演日 80% 视频投放，但对外仍无 l,未提供 GitHub。Video Harness 属企业内部交付系统，闭源合理。但视频生产领域开源生态活跃（ComfyUI、Open-Sora），若不释放任何技,3,FDE 模式 + 印刷家族工业系统真实 SOP/质检经验沉淀进 video pipeline,全球数字广告 ~$7000 亿，企业品牌 video 制作 ~$200 亿（含外包代理商），AI 视频生产渗透率 <5% 但增速 100%+。FDE 切口聚焦中大型品牌客户的'广告生产中心'，单客户年付 $100K-1M 合理。中国对应市场 ~600 亿人民币，主要竞争来自 Kling/即梦/可灵的工具流，FDE 模式差异化在'交付 + 沉淀'，可避开纯模型价格战。,$40-80M pre-money（已有 $40M post Seed，FDE+品牌客户验证；下一轮 A 估值常见 2-3x，即 $80-120M post-A 区间合理）,4,FDE 模式 + 真实付费交付，是该批稀有的已验证项目，可参与跟投。,Sora 2/Veo 3/Kling 2 等通用视频模型能力快速逼近，'品牌级'差异化窗口可能 12 个月内被压缩,FDE 模式人均产能受限，规模化需要大量 PM/视频导演型混合人才，招聘瓶颈明显,创始人背景是印刷制造非视频/广告/科技，缺乏行业渠道与品牌客户原始网络,已有付费交付 + A11 路演日 80% 投放实际产出，PMF 信号比同类项目硬,$5M Seed + Delaware 架构便于美元市场扩展,印刷工业 SOP 经验罕见地适配'批量交付 + 质量稳定'的企业需求,Runway (Gen-3) / OpenAI Sora () / Pika (),,
E03,E,飞咔,AI 时代的内容表达入口,王哲,数据中标注的 nextbanker.cn 实际是 ShadowGlow（AI 项目情报引擎），与飞咔无关，可能是基础数据错挂。飞咔本体是移动端 App，无官网是,未提供 GitHub。C 端内容工具闭源合理，无需开源。但 FFmpeg 深度定制的技术栈若能输出 1-2 个开源工具（如视频后处理库），有助于技术招聘。,3,FFmpeg 深度自研视频管线 + 内容理解-用户匹配-表达生成全链路闭环,全球内容创作工具市场 ~$500 亿，中国短视频/图文创作工具 ~600 亿人民币。剪映/CapCut MAU 数亿，飞咔 130 万累计用户在该赛道属早期，但 30 天新增 80 万的增速强（可能依赖买量），增长可持续性需观察留存数据。'专业表达'差异化定位若锁定特定垂类（如金融/教育/B 端 KOC）可有 10-30 亿 niche 市场。,$15-35M pre-money（1000 万人民币融 8% 已隐含 ~$17M post-money，C 端内容工具早期估值，下一轮需要 DAU/留存/付费转化数据支撑）,2,C 端工具赛道拥挤，增长有真实数据但留存存疑，谨慎观察。,字节剪映、Adobe Express、Canva 三面夹击，C 端工具差异化窗口小,30 天新增 80 万 vs 累计 130 万说明用户基本盘很新，留存/付费率未验证，DAU/MAU 可能很低,南京大学博士 + 服务'新华社、人民网'背景偏 G 端关系，与消费级互联网产品的快速迭代基因不完全契合,增长速度真实可观（30 天 80 万新增），抓到了某条短视频/内容渠道的红利,FFmpeg 深度自研是同类轻量级工具少有的技术深度,团队从 2017 年共同创业，配合时间长，稳定性强,剪映 (CapCut (字节)) / Canva () / Adobe Express (),,
E04,E,明悉科技 InsightSec,打造面向企业与组织的 AI 风险捕获平台,沈明航,未提供官网。安全公司（尤其面向公共安全/国家级客户）保持低调甚至无官网在国内是常态（玄武实验室、长亭科技早期都很低调），符合行业规律。但'天枢'作为产品品牌已无,未提供 GitHub。安全攻防研究通常会有 CVE 公告页 + BlackHat 议题录像 + 个人技术博客作为信誉背书；沈明航有数百枚 CVE 是硬通货，建议,5,玄武实验室基因 + 数百 CVE + BlackHat/CCS 顶会战绩 + GeekPwn 双冠,全球网络安全 ~$2000 亿，AI 安全垂类 ~$300 亿且高速增长（AI Agent 安全是 2025-2027 最热细分）。中国网络安全 ~1000 亿人民币，奇安信/深信服/启明星辰为主，AI Agent 风险捕获方向几乎空白，明悉切入时机精准。10+ 公共安全/国家级任务说明 G 端高客单价路径已打通，单客户年付 ~500 万合理。,$60-120M pre-money（玄武 + CVE 数百 + 国家级合同 10+，对标 Adlumin/Vectra AI Series A 在 $80-150M post）,5,团队顶配 + 时点精准 + G 端订单已落地，本批首推。,国家级/公共安全客户回款周期长（6-18 个月），现金流压力大，1500 万天使可能撑不到 PMF 验证,奇安信/深信服/360 在政企渠道根深蒂固，新厂商进入头部客户需 18-36 个月渠道建设,AI Agent 安全是新兴赛道，监管/合规标准尚未成型，客户预算分类困难,团队是国内安全攻防最顶级班底之一（玄武 + 阿里安全 + 字节），技术信誉满分,10+ 国家级任务已签 = G 端订单与品牌背书双重打通，进入门槛已跨过,'攻防一体化'切入 AI Agent 安全空白市场，时点和叙事都对,Mandiant (Google) / CrowdStrike (Falcon) / 奇安信 (),,
E05,E,ArcherSmart.AI,智能工厂的 Harness 驾驶舱——让工厂像自动驾驶一样运行,陈广博,数据中的 site 字段实际指向 github.com/archersmart（不是官网）。该 GitHub 组织页面仅有 3 个空壳仓库：archersmar,github.com/archersmart 组织存在但实质为空：3 个 repo 全部 0 star，最新活跃仅是 website 模板的 commit，无 ,4,Rancher 系 AI Infra 班底 + 共事 5 年 + BBA/施耐德制造业 know-how,全球工业互联网平台 ~$1200 亿，离散制造数字化 ~$400 亿；中国离散制造数字化 ~3000 亿人民币（含 MES/ERP/IoT 集成），AI 驾驶舱属新增量。GE/西门子过去 10 年在工业互联网烧掉 $50 亿+ 仍未盈利，市场教育艰难是公认事实。'Harness'命名借鉴自 K8s 生态，技术叙事新但客户认知门槛高。船舶焊接 niche 单价高（千万级），但工厂数量有限（全国 ~50 家大型船厂），天花板需多行业扩展。,$30-60M pre-money（连续创业者 + Rancher 退出经历 + 2 家工厂落地，工业 SaaS 早期估值惯例）,3,团队履历强、PoC 数据真，但工业 SaaS 历来难做且开源/品牌缺位，谨慎跟进。,GE Predix 烧 $40 亿仍失败的前车之鉴说明工业互联网 SaaS 极难规模化,GitHub 空壳与团队 Rancher 开源基因严重不匹配，对外信任度建设缺位,船舶/汽车零部件/PCBA 三个行业 PoC 同时推进，5 人核心团队精力分散风险高,创始人有 Misfit→Fossil + Rancher→SUSE 两次成功并购退出，资本运作经验罕见,2 家千人级工厂 6+ 月部署 + PoC 客户 2 月 4 倍增长，落地能力得到验证,Rancher 系 K8s 工程文化 + 制造业 know-how 的组合在中国工业 AI 赛道稀缺,GE Predix () / Siemens MindSphere () / Rockwell FactoryTalk (),https://github.com/archersmart,https://github.com/archersmart
E06,E,Meridian 子午线,让中国出海销售拥有本地销冠的判断力,周玉林,未提供官网。出海销售 AI 工具面向的客户主要是中国 B 轮+ 出海企业销售 VP，决策人会先做 LinkedIn + 官网背景调查，无官网在该客群严重影响信任,未提供 GitHub。销售 Agent 闭源合理，但建议团队个人 GitHub 公开（蒋正兴 2024 中国计算机学会 AI+工业制造全国第三的赛事成果若有开源,3,硅谷 B2B SaaS 销冠实战 + Equals.app 创始销售 + 中英双母语 + 中国出海 B 轮 KA 销售 VP 经验,全球销售 Tech 市场 ~$300 亿，AI Sales Agent ~$50 亿且 2024-2027 CAGR 60%+。中国出海企业（DTC/SaaS/跨境电商/硬件出海）数 ~5 万家，付费意愿强烈但客单价分化大。Meridian 切'本地销冠判断力'差异化避开 Gong 的会议分析红海，niche 但天花板可见——若锁定 200-500 家头部出海客户，单客户 5-20 万人民币/年 = 1-10 亿 ARR 天花板。需扩展至全球（非中国出海客户）才能撑起独角兽估值。,$20-50M pre-money（未公开融资、Gong 类比、中国出海 GTM 细分，对标 11x.ai 早期 $50M post Seed 但中国地域折扣）,4,Founder-market fit 强、定位聚焦，但需观察产品+海外扩张节奏，可参与早期。,Gong/Salesloft 已开始原生支持中文 + 海外市场情报，正面竞争窗口期可能 12-18 个月,中国出海企业付费 SaaS 习惯弱，客单价天花板低，单纯卖中国客户难撑独角兽规模,2 人团队（CEO + 技术 VP）过于精简，缺少海外本地 BD/PMM/客户成功，规模化时招聘挑战大,周玉林是少数同时具备硅谷 SaaS 销售实战 + 中国出海 KA 经验 + 中英双母语的 founder，差异化人才稀缺,Equals.app 创始销售经验意味着对 PLG + 销售辅助的早期建设有 hands-on 认知,切口'本地销冠判断力'比泛 AI SDR 更聚焦，方便讲清楚价值,Gong.io () / Salesloft () / Clari (),,
E07,E,NextBanker,用 AI 挖掘'潜在独角兽',王新宇,"HTTP 200 OK，nextbanker.cn 已上线运营。站点品牌名实为 ShadowGlow，定位""水下高潜项目线索发现引擎""，宣传100+监控渠道、每",项目无公开GitHub仓库；产品为闭源SaaS，代码资产风险全部集中于团队内部，外部无法独立评估工程质量与代码安全。建议尽调阶段要求查看技术架构图、数据爬取合规,4,AI爬虫+雷达+创始人Agent闭环，金融×CS铁三角执行力强,中国早期一级股权市场年规模~1.2万亿，FA+投资机构sourcing工具SaaS可触达TAM约30-50亿RMB；若延伸到中后期投行咨询则可对标百亿。但中国LP冷、机构降本、SaaS付费意愿弱，3-5年现实SAM更可能在3-8亿RMB量级。,$40-80M pre-money。星项目+清华金融+字节工程铁三角溢价合理，但产品已上线尚未跑出付费验证，按早期AI sourcing天使轮中位偏上给。,4,团队A、产品已跑通，估值愿景需收敛到sourcing工具本位,"宣传定位""AI埃森哲+高盛""过大，实际产品仅是sourcing雷达，长期演化路径需重证；",数据来源依赖小红书/招聘等公开信号爬取，合规与数据稳定性长期承压，且易被同类工具复制；,中国VC市场降温，付费方ICP预算紧缩，PMF与LTV兑现需2-3年观察期。,团队结构完整：CEO中金五年投行+清华金融+CTO字节SRE+COO国际设计奖，金融认知与工程交付都能闭环；,产品已上线且有自发传播，从公开站点看打磨度高于同期天使项目；,切入水下早期项目线索这一痛点真实存在，FA与早期VC普遍缺乏系统化工具。,IT桔子+AI改造 () / 鲸准 (烯牛) / Crunchbase (PitchBook),https://nextbanker.cn,
E08,E,TocLean 万象智能体,用 TOC + LEAN AI 赋能制造业打造端到端 Agent 军团,夏乐冰,"无独立官网，疑似复用其母公司""拨云见日""（See The Silver Lining/STSL）。BD与品牌曝光主要走36氪、阿里云创新中心等渠道。从公开报道看",无公开GitHub仓库。考虑到主要交付是行业Know-how+控制器+RaaS对赌，代码闭源合理，但需在尽调中查看其TOC+LEAN算法的专利布局、与科大讯飞的,5,福耀全球CIO+TOC/LEAN方法论+RaaS对赌交付，软硬件一体可复制,中国制造业数字化转型市场年规模~3000亿RMB，AI Agent切入制造SOP/排产/质量环节TAM可达500-800亿。但实际可被RaaS对赌覆盖的高价值场景集中在头部500家制造集团，前5年SAM~50-100亿。,$50-100M pre-money。福耀CIO背景+已落地行业数据+RaaS模式天然押注交付结果，议价能力高。若A轮估值参照科大讯飞此前进入价已经偏高。,5,创始人级A，工业Agent最具RaaS可兑现性的项目之一,制造业客户决策链长、回款慢，RaaS对赌如收益归属与数据归属界定不清，会出现纠纷；,TOC/LEAN方法论本身非专利壁垒，竞品（西门子/海尔/黑湖）可复制框架，长期moat在Know-how沉淀速度；,夏乐冰个人IP重，二号位与组织梯队需补，规模化复制存在'明星CIO天花板'风险。,创始人为福耀全球CIO，百厂落地经验是行业稀缺资产；,RaaS对赌模式与企业利益强对齐，付费意愿与续约率天然占优；,已获科大讯飞A轮背书，资源协同（讯飞星火大模型+渠道）形成飞轮。,西门子MindSphere () / 海尔卡奥斯 () / 树根互联 (),,
E09,E,树为智能,具身智能物理因果数据引擎，教会机器人物理规律,张鑫,无独立官网；公开搜索引擎对'树为智能 张鑫 接触动力学'未返回独立网站或微信公众号入口，对外曝光极低。对一家面向具身智能数据引擎赛道的早期项目尚可理解，但相较帕,无公开GitHub仓库；接触动力学与物理因果仿真核心代码闭源，需在尽调中验证'物理真值标注引擎'是真自研还是基于Mujoco/Isaac Sim/Genesis,4,接触动力学博士+50篇顶刊+物理真值数据引擎，AI4Physics垂直纵深,具身智能仿真数据+真值标注市场2026年TAM~50-100亿RMB，2030年伴随机器人本体放量可达千亿；但当前付费方主要是机器人厂商，前5年SAM~10-30亿。光轮、群核等已占领部分赛道。,$30-80M pre-money。具身世界模型/数据引擎赛道2026年Q1头部估值已抬至200亿RMB（星海图），早期数据引擎方向团队学术背景过硬可给到天使中位上沿。,4,硬科技纵深好，需快速跑出标杆客户与差异化叙事,数据引擎为'卖水人'路径，但客户（机器人本体厂商）现金流自身紧张，付费节奏弱于预期；,物理因果赛道学术氛围浓，与穹彻智能(力觉+视觉融合)、光轮智能(合成数据)直接重合，差异化叙事需重做；,副教授兼职创业的精力分配与团队全职化进度，是早期落地速度的关键瓶颈。,张鑫接触动力学博士+985副教授+50余篇顶刊，是少有'真懂物理'的具身创业者；,郭金宇剑桥联培博士+王效愚ABB/GE 20年销售，研发-商务搭配相对完整；,切入物理因果数据这一被VLA路线长期忽视的环节，技术叙事有独到性。,光轮智能 (合成数据) / 群核科技 (Coohom) / 帕西尼 (触觉),,
E10,E,天穹智算,用卫星遥感、公开数据和 AI Agent，将真实世界事件转化为金融市场可用的另类数据,徐子谏,无独立官网，对外品牌曝光极低，公开搜索未返回有效结果。对地理空间另类数据赛道的早期项目，缺乏官网与case study会显著拖慢机构客户（CTA、宏观对冲基金）,无公开GitHub仓库；Agent工作流与遥感算法均闭源。需在尽调中重点验证：1)卫星数据源是否自购或合作（成本结构）；2)是否复用Earth-Agent、Sk,4,卫星遥感+GeoAI+金融另类数据三角，董戈教授为学术锚,全球另类数据市场~150亿USD（2026），其中地理空间~25亿USD；中国侧由于商品交易、宏观与产业研究买方付费意愿提升，本土SAM~10-20亿RMB，但需面对Orbital Insight 2023年估值崩盘到$50M的赛道警示。,$30-80M pre-money。董戈教授真实存在（清华航天航空学院研究员可查证）支撑首席科学家背书；但赛道海外标杆Orbital Insight已大幅减值，估值上沿应受压制。,3,团队靠谱但赛道商业化已被海外验证证伪一半,海外标杆Orbital Insight从$430M峰值跌至$50M，说明地理空间另类数据赛道商业化天花板存在严重不确定性；,中国对冲基金/商品交易商付费意愿弱，TAM理论上诱人但SAM有限，3-5年难以做到$10M ARR；,高分辨率卫星数据采购成本高，若无自有卫星合作，毛利结构将被Planet等海外数据源持续压制。,首席科学家董戈为清华航天航空学院在编研究员+博导，学术信誉可核验；,团队覆盖康奈尔系统工程+港理工GeoAI+康奈尔土壤遥感，专业搭配完整；,Agent工作流自动完成事件拆解→数据源选择→证据提取→报告生成，叙事符合2026年Agent2B主流。,Orbital Insight () / Planet Labs () / Kensho (),,
E11,E,枢宇科技,模拟光电子芯片的 Agentic 设计引擎,汪嘉成,无公开独立官网；公开搜索引擎未返回汪嘉成或Orvix Pilot公开介绍页面，PR极度克制。模拟/光电子EDA赛道客户全部是B端芯片设计公司，不依赖C端流量，低,无公开GitHub仓库；自研多智能体框架+垂直LLM均闭源。需在尽调中验证：1)Orvix LLM训练数据来源与版权；2)与Cadence/Synopsys工具,5,清华EE博士+Agentic RL自研垂直LLM+宋健IEEE Fellow光电学术锚,全球EDA市场~150亿USD（2026），其中模拟EDA~25亿USD；Agentic AI驱动的设计自动化是Cadence/Synopsys 2026最大增长引擎，中国国产模拟EDA SAM~20-40亿RMB，国产替代政策强催化。,$80-180M pre-money。清华博士+IEEE Fellow首席科学家+4家头部客户POC验证+对Cadence/Synopsys的模拟EDA替代叙事，估值上沿可参照Agentic EDA国际同行。天使1000万RMB估值偏低，下一轮抬估值空间大。,5,Agentic EDA国内最具替代叙事的纵深项目，强推,Cadence ChipStack/InnoStack已在Computex 2026推出L5级自主AI设计工程师，国际巨头时间窗口正在关闭；,POC转付费合同周期12-18个月，紫光展锐/卓胜微等头部客户决策链长，现金流会在2026下半年面临考验；,宣传'联合华为九天'若实指华大九天合作，需厘清是技术合作还是渠道合作，避免投资人理解偏差。,拓扑一次成功率提升127%是可量化的硬指标，POC通过率高，技术moat真实存在；,宋健教授(IEEE Fellow)首席科学家+清华EE的电路与LLM复合背景，是国内极少数兼具EDA与Agentic能力的团队；,天使轮估值偏低，4家头部客户POC已通过，A轮估值跳跃空间大。,Cadence Cerebrus AI (ChipStack) / Synopsys DSO.ai () / Siemens EDA AI (),,
E12,E,合睿智信,本土企业 AI 落地咨询与交付新模式,王瑞,无独立官网，对外曝光主要走中科院他山学科交叉创新协会社群。对一家AI落地咨询公司，无官网意味着inbound线索全部依赖创始人IP与社群，规模化天花板明显，需3,无公开GitHub仓库；咨询交付以专家诊断+员工内化为主，技术资产较轻。'1专家+3学员/项目'的方法论是否可复制为标准化SOP，需在尽调中验证。,3,中科院1500+硕博专家社群+1专家带3学员的内化交付方法,中国企业数字化+AI咨询年市场规模~600-800亿RMB，但90%被埃森哲/麦肯锡/华为咨询/阿里云等占据；早期'AI落地+学员内化'差异化SAM约30-60亿，但客单价低、利润率薄。,$15-40M pre-money。种子+轮已完成600万RMB+7个项目交付，估值参考FDE/AI咨询早期天使中位下沿。中科院社群+童之磊(中文在线CEO)等跨界顾问关系对早期获客有帮助，但商业模式天花板限制估值上沿。,3,PMF已验但天花板偏低，建议作为关注非强投,AI咨询是高度依赖人头的劳动密集型业务，毛利率与规模化都受限，难做高估值倍数；,竞争极度拥挤，埃森哲/麦肯锡/华为咨询/阿里云均已下场，初创品牌力弱；,童之磊跨界顾问关系尚未公开验证为合作伙伴或战略股东，仅作为社群嘉宾的实际背书价值有限。,中科院1500+硕博专家社群是真实可调用的低成本交付资源，是同期咨询初创少有的供给端壁垒；,已完成7个项目交付，PMF初步验证，从0到1能力已证明；,1专家+3学员的'授人以渔'模式与企业'AI素养内化'需求强对齐，复购与口碑潜力较好。,埃森哲 () / 麦肯锡QuantumBlack () / 贝恩Vector (),,
F01,F,时空码头 KsanaDock,游戏开发 Agent，让 AI 做出生产级游戏,李豪,HTTP 308 -> 200 OK (重定向 ksanadock.ai -> www.ksanadock.ai/en，Vercel+Cloudflare 部署,GitHub KsanaDock/Microverse 抓取确认 2353 stars（aria-label='2353 users starred'），完全验,4,斯坦福 AI 小镇思路 + Godot 引擎深度打通 + 开源生态 2.3K stars + 多模态 AI 资产 pipeline,全球游戏开发工具市场 $30B+（Unity/Unreal 占主导），AI 游戏 Agent 细分赛道 $2-5B（2026 估算）。独立游戏开发者全球约 30 万人，AIGC 游戏资产工具的可寻址市场约 $500M-1B。中长期想象力在于'AI Native 游戏生产'颠覆传统美术/关卡/叙事工作流，TAM 可放大至游戏引擎层级。,$30-80M pre-money,4,稀缺的全栈型独立开发者，开源到商业化路径清晰,Inworld AI / Rosebud AI 等海外玩家融资数亿美元、生态领先，KsanaDock 资源差距显著,Godot 引擎生态规模远小于 Unity/Unreal，工具锁定在小众引擎可能限制 TAM 上限,'用爱发电'开源到商业化转化路径不清晰，PMF 和付费意愿需要验证,2.3K+ GitHub stars 实证产品力，独立完成美术/音乐/特效/代码的全栈型创始人极稀缺,ksanadock.ai 平台已上线，从开源项目到 SaaS 产品形成完整闭环,小红书+X+YouTube 多平台自媒体阵地，独立开发者社区认可度高，GTM 自带流量,Inworld AI（角色 AI） () / a16z AI Town（开源参照） () / Rosebud AI（游戏生成） (),https://ksanadock.ai/,https://github.com/KsanaDock/Microverse
F02,F,UseIt AI,做 AI for Design 最好的驾驶舱——交付即源文件,郜迪飞,未提供独立官网（PRD site 字段为空）。仅 GitHub 仓库作为对外门面，对 toB 设计师群体而言官网缺失是明显短板。新加坡注册（USEIT PTE.,GitHub UseIt-AI/use-it-agent 抓取到仅 27 stars，与创始人个人学术项目 GitHub 7K+ Stars 的影响力对比悬殊，,5,Agent Harness 自研 + 输出可编辑 PSD/AI/SVG 工程文件（差异于通用 Computer Use）+ 学术沉淀,全球设计师工作流软件市场（Adobe Creative Cloud）$25B+，AI Design Agent 细分赛道 2026 估算 $3-8B，Lovart 等已验证设计师对 AI Agent 的付费意愿。'交付即源文件'切入专业设计师付费心智，ARPU 上限较高（参照 Adobe $60/月）。中长期可扩展到工业设计/CAD/视频剪辑等专业软件场景。,$40-120M pre-money（Pre-A $2M 已落地）,4,学术背景最硬的 Computer Use 垂类，需要快速 GTM 验证,Anthropic/OpenAI/Google 三大厂 Computer Use 通用 Agent 持续升级，垂类窗口期可能被压缩,Lovart 等已获大额融资 + 用户认知领先，UseIt 缺少官网/demo 公开 GTM 滞后,4 位联创学术/技术背景重，缺少明确销售/设计师社区运营基因，B 端获客挑战大,创始人 Computer Use Agent 学术先发性 + 顶会论文 40+ 篇 + 学术开源 7K+ stars 极硬,新加坡美元架构 + Pre-A $2M 已到位，海外路径与资本结构清晰,'交付可编辑源文件'差异化定位精准，避开通用 Computer Use Agent 的'像素级模拟'弱点,Anthropic Claude Computer Use () / OpenAI Operator () / Lovart AI（设计 Agent） (),,https://github.com/UseIt-AI/use-it-agent
F03,F,Lulula AI,实时语音智能体 + AI 音频世界,孙长昊,无官网，无 GitHub，处于真正的极早期 stealth 状态。注意：WebSearch 命中的 lulula.com 是另一个面向女性的互动幻想音频平台，并,无公开 GitHub。WebSearch 未能独立验证孙长昊'字节 Coze 早期核心成员、百度文心一言创始团队核心成员'的具体职级与贡献（公开报道中 Coze,5,全双工实时语音（可打断/插嘴/追问）+ 3D 空间音效 + 本地隐私 / 云端混合架构 + 语音-文档协同,全球语音 AI 市场 $30B+（2030 估算），实时对话 AI 细分 $5-10B。toC 陪伴/伴侣 AI 已被 Character.AI（$10B+ 估值）和 Replika 验证付费意愿；语音作为下一代核心交互模态被 OpenAI（Sky 事件）、Sesame（$45M 种子）抬高估值锚点。中国市场字节豆包实时语音免费策略对独立创业者构成结构性挤压风险。,$30-100M pre-money（参照 Sesame $45M 种子估值带）,3,团队最豪华但风险最高，需对标 Sesame 验证差异化,字节豆包实时语音大模型已免费开放，孙长昊'前东家'反过来成为最大竞品，结构性挤压定价空间,极早期无产品无 demo，技术承诺（全双工/3D 音效/本地云混合）未经验证，纯团队押注,团队 credential 中 Coze/文心一言'核心成员'职级未经独立第三方背书，需推荐人尽调,团队 6 项目中技术深度最厚：科学家+语音工程+RL+Agent 完整配置，覆盖全链路,全双工实时语音 + 3D 空间音效是被 OpenAI/Sesame 验证的下一代交互方向，赛道正确,孙长昊连续主导 10+ AI 产品 0 到 1，加上字节/百度/腾讯/旷视全栈履历，连续创业者打过仗,Sesame（实时语音） () / Sindarin () / OpenAI Realtime API (),,
F04,F,Humanify 人格智能,AI 原生操作系统（投资价值 TOP1）,易和阳 (Aaron Yee),无独立官网（PRD site 字段为空），WebSearch 命中的公开报道来自新浪财经、网易、ByDrug、知乎专访、搜狐天眼等多个一手媒体源，融资新闻覆盖完,无公开 GitHub（典型基础设施公司在模型未发布前不开源）。融资信息已通过新浪财经、网易、搜狐独立验证：人格智能（杭州）有限公司 2024 年成立，2026 ,5,类人认知模型基座（情商/人格/意图/情绪/长期记忆）+ 模型即 OS 范式 + 五源+奇绩双背书,若'模型即 OS' 范式成立，可对标全球操作系统市场（iOS+Android 累计 $200B+ 生态价值），但目前是纯想象空间。短期可寻址市场为 AI 陪伴/情感 AI（Character.AI $10B+ 估值参照），约 $5-20B。这是 toC 6 项目中 TAM 想象力天花板最高的，但落地路径最长。,$60-250M pre-money（参照 Rabbit / Humane 同期估值带，五源领投通常 post-money $50-80M，下一轮跳到 $200M+ 概率高）,5,F 区 TOP1 标的，机构背书+叙事强度全场最高,'模型即 OS' 范式过于宏大，从'类人认知'到真正落地为 OS 路径漫长，估值已透支多年预期,Rabbit R1 / Humane Pin 等 AI OS 先行者均在硬件商业化阶段挫折，Humanify 走纯软件版同样面临分发渠道难题,97 年创始人虽 Web3 有百万用户经验，但 AI 基础设施所需要的科研深度+长周期烧钱能力需进一步验证,F 区 6 项目中唯一一家融资节点+投资方+金额三要素全公开验证的项目（新浪/网易/搜狐多源交叉）,五源资本领投+陆奇博士跟投，机构背书强度全场最高，下一轮 markup 概率大,差异化叙事'类人认知 vs AI 智商军备竞赛'清晰且被主流财经媒体接受，已占领心智位,Rabbit R1 OS () / Humane Pin（已挫折） () / Character.AI（情感 AI） (),,
F05,F,锡鸟游戏 All Our Broken Parts,叙事独立游戏,班春晖,Steam 商店页面 HTTP 200 OK，AppID 3473430 已上架（store.steampowered.com/app/3473430/All_,无 GitHub（商业游戏项目正常）。团队 credential 较扎实：CEO 班春晖前网易关卡设计师 + 10+ Gamejam 经验 + indiepla,3,'机器人情绪是流动的特征电流'独特叙事设定 + 网易/鹰角美术叙事血脉 + Steam 全球分发,全球独立游戏市场 Steam 年规模 $4B+，单款叙事独游天花板由 Unpacking（~$15M）、Papers Please（~$8M）、Her Story（~$5M）等定义。中国叙事独游近两年《烟火》《三伏》验证国内付费意愿但天花板有限。本项目 TAM 估算 $5-30M 销售额上限，对应公司估值天花板 $10-30M。,$5-20M pre-money（独立游戏赛道结构性偏低）,2,独游单品逻辑与 VC 复利逻辑错配，更适合发行渠道而非股权融资,独立游戏发售前估值/融资缺少标准锚点，奇绩路演孵化逻辑（量产+复利）与独游单品逻辑错配,团队均为中级经验，首款商业作品完成度+营销能力未经验证，叙事独游容错率极低,Steam 中国区结算/海外宣发对小团队挑战大，'2026 年发售'是否能按时上线存疑,Steam 已上架预热，发售路径明确，比纯概念阶段游戏团队稳一档,网易关卡设计师+鹰角概念设计美术+库洛叙事 = 国内一线游戏公司经验配齐，团队基本功扎实,'机器人维修+情绪诊疗'差异化叙事设定，在 Papers Please 框架上叠加治愈系情感线，有 IP 想象力,Papers Please () / Her Story () / Unpacking (),https://store.steampowered.com/app/3473430/All_Our_Broken_Parts/,
F06,F,STACK ANYWAY 观点跃迁,全球首个 Text to Device AI 电子设备生成实现平台,徐世哲,无独立官网（PRD site 字段为空）。'技术社区粉丝破一万'但无公开链接，无法核验社区类型（B 站？知乎？微信？）。WebSearch 未能找到 STACK,无公开 GitHub。Rico Li'14nm 芯片独立操盘+ISCA 顶会'是非常硬的 credential（ISCA 是计算机体系结构最顶会，独立做 14n,4,Text-to-Device 自然语言转电子硬件设计 + 14nm 流片经验 + Maker 社区 1 万粉,全球电子设计自动化（EDA）市场 $15B（Synopsys/Cadence/Mentor 三巨头垄断），消费级硬件 Maker 工具市场 $1-3B。'硬件版 Claude Code'若能跑通，可对标软件 Cursor/Claude Code 的 toC 估值带，但硬件设计涉及物理元件采购+焊接+调试，AI 端到端难度远高于纯软件。教育/Maker 市场切入容易但 TAM 偏小（$200-500M）。,$30-80M pre-money,3,团队深度强但执行难度极高，需核验央视带货等强 claim,'硬件版 Claude Code'技术难度极高，从自然语言到 PCB 设计到元件采购到原型组装的端到端闭环未见 demo,Tinkercad/Fusion 360 已被 Autodesk 收购整合，AI 增强版本可能由 Autodesk 自己推出形成正面竞争,团队 credential 强但公开足迹弱，'央视带货国民级产品'等强 claim 无法 WebSearch 验证，需尽调环节核实,Rico Li 14nm 独立流片+ISCA 顶会属于硬件赛道稀缺人才（如果属实），团队架构深度强,ml5.js 核心开发者 + 20+ app 上架，软件应用层执行力可独立核验,教培营收 3000 万 + 1 万 Maker 社区粉丝，自带早期用户池，GTM 比纯技术团队顺畅,Tinkercad（Autodesk） () / Fusion 360（Autodesk） () / LabVIEW（NI） (),,
F07,F,海伦阿姨的厨房,建立宠物友好场景的全域快消零售网，让一亿养宠人随时随地买一包,邓牧雨,未提供官网链接；项目处于早期销售验证期，可能仅有微店/淘宝/抖音店铺。在首年 0 市场费用情况下售出 100 万包是关键销售证据，但缺乏可公开追溯的品牌官网会影,无 GitHub。作为快消 D2C 项目，技术栈不公开属于正常；但团队 highlight 提到「全自研 AI 工具覆盖研发到交付全链路」需要在 DD 现场要求,4,AI 全链路工具 + 模块化陈列方案（一步式 SKU 适配多场景）,中国宠物食品 2026E 1140 亿元（德勤），其中零食赛道 CAGR 25% 为最快子类；犬猫零食渗透率仍快速上行，互动型零食 75%、功能型 51%。全域快消零售（含线下便利店/社区货架）打开 SKU 单包高频复购天花板，TAM 测算 200-400 亿可触达 GMV，渗透 1% 即可做到 2-4 亿营收。,$15-30M pre-money。首年 100 万包销售 + 前小米国际化团队溢价，但仍属重运营+毛利天花板较低的快消，估值受 LTV/CAC 和复购率约束，难给纯互联网倍数。,3,PMF 信号真实但赛道拥挤，须深入验证复购与陈列网络可执行性,宠物零食赛道国产高度内卷（麦富迪/弗列加特/比瑞吉）+ 国际品牌（Royal Canin、皇家）双夹击；首年 100 万包是否含赠品/补贴需澄清,「模块化陈列」是线下零售概念，意味着重 BD 和供应链运营，对前小米互联网团队是 capability gap，存在「降维打击」叙事 vs 实操能力的错配,AI 自研工具尚未拿出可验证 demo；若停留在 PPT，highlight 中的科技 narrative 折损严重,团队前小米国际化背景，邓 + 张 + 涵宇三人覆盖 PM/设计/履约，海外 0-1 经验在宠物出海窗口有协同,首年 0 营销费售出 100 万包是真实早期 PMF 信号（需进一步看 SKU/客单/复购）,切入点「随时随地一包」属于品类未被满足的「便利购」场景，对标可乐分销逻辑，理论 TAM 大,麦富迪（乖宝，国产 TOP1，GMV 5000W+ (月）) / Pet Honesty（美国功能性零食 D2C） () / Wuffes（北美宠物保健 DTC） (),,
F08,F,想通了,让 AI 以「过来人」的平等身份帮你理清困扰,韩瑜,未提供官网；产品尚处 PMF 验证前期。AI 心理陪伴赛道国内监管对「心理咨询」类宣称有严格红线（不可宣称诊断/治疗），缺少品牌独立站会限制内容沉淀和合规自证。,无 GitHub。CTO 吴合风 13 项专利 + 8 篇论文可侧面佐证算法能力，但「动态人格认知系统」缺乏开源/论文级别 benchmark，需在 DD 时要,5,动态人格认知系统 + 用户心智模型长期演化（清华艺术×自动化×北大心理跨学科）,全球 AI 心理陪伴 / 情绪陪伴 2026E $30-50 亿，其中 Character.ai 已验证 MAU 2000 万+。国内年轻人心理咨询渗透率仍低（<5%），但替代品咨询贵且供给少，AI「过来人」定位卡位「轻心理 + 思维教练」垂直，TAM 测算 100-200 亿人民币。,$25-50M pre-money。清华+北大跨学科团队溢价 + Rosebud/Replika 早期估值锚（Rosebud 种子轮 $6M / 估值 $30M+）。如能拿出 30 天留存与日均会话深度数据，可向上突破。,4,团队背景顶配 + 切入点细腻；监管与增长执行是双重不确定性,AI 心理陪伴国内合规红线高（不可宣称诊断、不可承诺疗效），监管事件可能瞬间冻结增长,Character.ai/Replika 已用「情感+长期记忆」教育市场，差异化「过来人平等身份」是叙事层而非技术壁垒，易被大模型基座方碾压,三人创始团队学术背景厚但缺乏明确的运营/增长担当，C 端增长曲线如何起步是关键缺口,跨学科组合（艺术设计/算法/心理博士）是 AI 心理产品稀缺配置，沈子维北大心理博士给「心智模型」叙事 credibility,韩瑜思维认知赛道万粉博主自带冷启动流量 + 内容运营经验，规避 0-1 流量荒,「过来人」平等身份切入差异化清晰，规避「AI 不懂我」的传统 chatbot 痛点,Replika（北美情感陪伴 TOP） () / Rosebud Journal（AI 日记 + 心理） () / Character.ai（角色陪伴） (),,
F09,F,Kuku,macOS AI 原生 Markdown 编辑器（Obsidian meets Cursor）,未公开,https://www.kuku.mom/ HTTP 200 正常，Cloudflare 托管；产品定位清晰（macOS local-first AI Mark,未公开主仓库 URL，但官网披露 MIT 开源 + Tauri v2 + React 19 + SolidJS + ProseMirror 重写、Rust 后端,3,Tauri+Rust 原生 15MB/80MB 极致体积 + local-first + Cursor 风格 diff 审查的 AI Agent,全球 PKM/笔记软件 SAM $30-50 亿（Notion $10B 估值锚、Obsidian 千万用户）。AI-native Markdown 编辑器是 Obsidian 之后的代际机会，但用户基数受限于 macOS + Markdown 重度用户（开发者/研究员/写作者），TAM 测算 $5-10 亿可触达 ARR。,$15-40M pre-money。Reflect.app 同阶段估值 $30M 可锚定；产品已上线 v0.5.x + 开源 MIT 路线可加分，但赛道挑战 Obsidian 既有用户心智门槛极高。,3,工程素质过硬但团队不透明且赛道用户迁移壁垒高,Obsidian 社区生态（插件 + Sync + Publish）已形成强网络效应，迁移成本是 PKM 类产品最大门槛，「换编辑器」转化率历史上极低,仅 macOS（Win/Linux 待发布）严重限制用户基数；Gemini AI Agent 单依赖一家模型供应商存在 vendor risk,团队信息未公开（founder 留空），无法评估 PMF 执行力与商业化经验,产品已实打实交付（v0.5.4 + Homebrew + 真实 Tauri/Rust 工程），技术执行力得到验证,Cursor 风格 diff 审查 + local-first 是对 Obsidian AI plugin 路径的代际升级，差异化清晰,MIT 开源降低用户决策成本，可借鉴 Obsidian/Logseq 社区驱动增长打法,Obsidian（PKM 标杆，1000 万用户） () / Cursor（AI 编辑器范式定义者） () / Reflect.app（AI Notes） (),https://www.kuku.mom/,
F10,F,skardi.ai,Databricks for Agent · 填补 Agent 在生产环境落地的最后一英里,魏鑫 (Xin Wei / BT),https://skardi.ai 301 → https://www.skardi.ai/ 200 正常，Cloudflare 托管，主页定位「the dat,https://github.com/SkardiLabs/skardi 公开 Apache 2.0；74 stars / 6 forks / Rust 96.,5,Agent 原生 data plane + DataFusion 高性能 SQL + 统一连接/权限/血缘/回滚,Databricks $43B 估值锚定数据平台 TAM 千亿美元级；Agent 数据平面是子集，但属于「Agent 落地最后一英里」必经基建。AI infra 投资 2026 仍是 hot money，企业级 Agent 部署需求爆发期，3-5 年 SAM 测算 $50-100 亿。,$30-60M pre-money。Seed $5M USD 计划 + 法律 10B 估值客户接触 + 头部 AI 招聘/访谈公司 POC = 强 signal；UIUC 双 CS + AWS/Kafka Committer/Rockset(OpenAI)/Tubi 履历可对标顶级 infra 团队，类比 Modal Labs/Replicate 早期估值。,5,本批最稀缺标的，infra 真功夫 + 早期客户落地双确认,Databricks/Snowflake/MotherDuck 等巨头均在布局 Agent 数据接入层，时间窗口约 12-18 个月，需要在大厂下场前锁定头部客户和 OSS mindshare,OSS 商业化路径未明确（74 stars 仍属早期 mindshare），如何从 self-host 走向 SaaS 定价/Enterprise 合同需要演练,美国主体 + 中国创始团队 + 美国客户的 GTM 距离感，BD 资源是否到位是种子轮后最大变量,技术与产品 narrative 完全对齐（GitHub 真材实料、Apache 2.0、Rust 高性能、月度发版），DD 可信度顶级,团队是稀缺的「数据 infra + Agent」双线 senior（Kafka Committer + Rockset/OpenAI + AWS query engine），赛道天然壁垒,客户进展具体（头部法律 Agent / AI 招聘 POC / AI 访谈集成）超出种子轮均值，B2B 早期 traction 强,Apache Spark (Databricks（传统数据平台）) / DuckDB (MotherDuck（in-process OLAP）) / Apache DataFusion 直接生态 (),https://skardi.ai,https://github.com/SkardiLabs/skardi
F11,F,Memova.ai,让每个人零门槛使用理解自己的 Agent，重构工作流,孙明雨,https://memova.ai 200 正常但官网信息极少，主页仅「The Most Intuitive AI Agent」标语，无 team/featur,无公开 GitHub。技术宣称「全球首个无门槛 Agent 闭环工作流平台」「普惠 Claude+Obsidian 能力」很大，需在 DD 时要求 demo 实,4,Agent 闭环工作流 + 多模态信息碎片 → 结构化私有知识库,AI 个人生产力 + 第二大脑 2026E SAM $50-100 亿（Notion $10B / Otter.ai $2B / Mem.ai $110M 估值）。无门槛 Agent 是 long-term 平权 narrative，但短期 TAM 受限于 prosumer 高频内容创作者群体，$5-20 亿可触达。,$25-50M pre-money。种子 $150 万 + 硅谷连续创业者（CAC Auto Group 3000 万 USD ARR / EZDealer 已验证）+ 斯坦福医学院助理教授 CTO + OpenAI / Meta 创始团队科学家阵容，团队溢价显著。但产品成熟度落后于 Memo.ai/Granola，估值上限受限于 traction。,4,团队顶级但官网/产品透明度不足，需 demo 实证后再判,宣传词「普惠 Claude+Obsidian」野心大但需对应产品能力，过承诺-欠交付风险显著,AI Journal/语音笔记赛道（Day One/Granola/Rosebud/Otter）拥挤且巨头均在做 Memory 层，差异化窗口缩窄,孙明雨履历（Carvana 汽车 D2C/SaaS）与个人 AI 知识库赛道领域跨度大，团队心智迁移与用户洞察是否到位待验证,团队配置接近全明星（OpenAI 数据科学家 + Meta 研究科学家 + 斯坦福助理教授 CTO + 二次创业 CEO），技术深度与 narrative 信誉双强,创始人 ASD+ADHD 自述切入 personal alignment 是有共情的 founder-market fit 信号,美元架构 + 杭州/旧金山双引擎对接中美 AI 资本与用户，未来上轨融资路径清晰,Day One (Rosebud Journal（AI 日记）) / Otter.ai（语音转录 + summary） () / Mem.ai（OpenAI 投，AI 笔记） (),https://memova.ai,
F12,F,Thennote,主动 Agent 驱动的一站式 AI 工作空间,刘荣轩,无独立官网（仅通过奇绩小程序展示），对 C 端 AI 工作空间产品是严重早期信号——意味着尚未到公开 beta 或获客阶段，仍处概念/Demo 期。Notion,无公开 GitHub。产品「Context Aware + Proactive AI + Playable Notebook」三支柱需 demo 验证，特别是 ,3,Proactive Agent 主动预测 + Playable Notebook 可执行 + 全局 Context,AI 工作空间 / 知识工作者 SAM $50-100 亿，Notion + Cursor 双锚证明 prosumer 付费意愿强。但「主动 Agent + Playable Notebook」复合定位需要在 Notion 工作流 + Cursor 代码执行 + Granola 预测之间找到差异锚点，可触达 $2-5 亿 ARR。,$15-35M pre-money。种子加轮 $150 万 + 智谱 Zread 项目负责人光环可锚 $20-30M；但单创始人（CEO/CTO/CDO 一人扛）+ 无核心团队披露 + 三支柱宏大叙事缺乏 demo，估值受限。Cluely 早期估值 $120M 是同赛道上限参考。,3,PM 背景亮眼但单 founder 扛三支柱叙事是结构性风险,单 founder 结构对 AI workspace 这种全栈复杂产品是高风险——Notion/Cursor 早期均为强联创结构，刘荣轩需在 3-6 个月内补齐 CTO/技术合伙人,三支柱（全局上下文 + 主动 AI + Playable Notebook）每一条都是 100 人团队产品矩阵，单 founder 同时推进 = 聚焦失败的高概率信号,Notion AI/Cursor/Claude Projects 强势挤压；Slogan「最值钱的是心流」属营销叙事而非产品壁垒，对企业付费决策弱,刘荣轩智谱 AI Coding PM + Zread 项目负责人，对 AI 产品/工程/增长复合理解强（Zread 是智谱明星产品，公开报道丰富）,种子加轮 $150 万拿到说明天使期获得资本认可，奇绩入营是额外背书,「Proactive AI」概念与 Cluely、Granola 同向，2026 年 AI 副驾驶心智窗口已打开，时机合理,Notion + Notion AI（AI workspace 标杆 $10B 估值） () / Cursor（AI IDE，年化 ARR $200M+） () / ChatGPT Canvas (Claude Projects),（公众号文章未给出独立官网；官方介绍页通过奇绩创坛小程序查看）,
